accession,description,date,country,len,ambiguous,collection_year
CY108453.1,Influenza A virus (A/Guangdong/246/2004(H3N2)) hemagglutinin (HA) gene. partial cds,2004-03-08,China,960,0,2004.0
KC738720.1,Influenza A virus (A/Taiwan/56/2004(H3N2)) segment 4 hemagglutinin (HA) gene. partial cds,2004-09-14,Taiwan,972,0,2004.0
CY008244.1,Influenza A virus (A/Canterbury/310/2004(H3N2)) segment 4. complete sequence,2004-10-06,New Zealand,1720,0,2004.0
MG309854.1,Influenza A virus (A/Taiwan/N3161/2004(H3N2)) segment 4 hemagglutinin. HA1 region. (HA) gene. partial cds,2004-11-01,Taiwan,870,0,2004.0
CY108503.1,Influenza A virus (A/Zhejiang/19/2004(H3N2)) hemagglutinin (HA) gene. partial cds,2004-02-10,China,960,0,2004.0
OM405394.1,Influenza A virus (A/Georgia/01/2021(H3N2)) segment 4 hemagglutinin (HA) gene. complete cds,2021-11-04,USA,1737,0,2021.0
OP843757.1,Influenza A virus (A/New York/11/2021(H3N2)) segment 4 hemagglutinin (HA) gene. complete cds,2021-12-12,USA,1737,0,2021.0
OP951954.1,Influenza A virus (A/Michigan/UOM10042606091/2021(H3N2)) segment 4 hemagglutinin (HA) gene. complete cds,2021-11-10,USA,1701,0,2021.0
OP694508.1,Influenza A virus (A/Georgia/03/2021(H3N2)) segment 4 hemagglutinin (HA) gene. complete cds,2021-11-17,USA,1737,0,2021.0
OP840591.1,Influenza A virus (A/California/49/2021(H3N2)) segment 4 hemagglutinin (HA) gene. complete cds,2021-12-13,USA,1737,0,2021.0
PV514070.1,Influenza A virus (A/Massachusetts/ISC-1575/2025(H3N2)) segment 4 hemagglutinin (HA) gene. complete cds,2025-02-13,USA,1737,1,2025.0
PV099882.1,Influenza A virus (A/Michigan/UM-10061812967/2025(H3N2)) segment 4 hemagglutinin (HA) gene. complete cds,2025-01-15,USA,1701,0,2025.0
PV222952.1,Influenza A virus (A/South Carolina/USAFSAM-15331/2025(H3N2)) segment 4 hemagglutinin (HA) gene. complete cds,2025-01-28,USA,1701,0,2025.0
PV222950.1,Influenza A virus (A/South Carolina/USAFSAM-15329/2025(H3N2)) segment 4 hemagglutinin (HA) gene. complete cds,2025-01-28,USA,1701,0,2025.0
PV281291.1,Influenza A virus (A/Oklahoma/06/2025(H3N2)) segment 4 hemagglutinin (HA) gene. complete cds,2025-01-13,USA,1737,0,2025.0
PQ267829.1,Influenza A virus (A/Wisconsin/89/2024(H3N2)) segment 4 hemagglutinin (HA) gene. complete cds,2024-06-03,USA,1737,1,2024.0
PP899074.1,Influenza A virus (A/Michigan/UM-CL24-590345/2024(H3N2)) segment 4 hemagglutinin (HA) gene. complete cds,2024-02-18,USA,1701,0,2024.0
PP807393.1,Influenza A virus (A/Florida/ISC-1131/2024(H3N2)) segment 4 hemagglutinin (HA) gene. complete cds,2024-02-19,USA,1737,0,2024.0
PV537839.1,Influenza A virus (A/California/LACPHL-INF01581/2024(H3N2)) segment 4 hemagglutinin (HA) gene. complete cds,2024-12-29,USA,1701,0,2024.0
PV092794.1,Influenza A virus (A/SD/SD-INBRE-03135_4.HA._consensus/2024(H3N2)) segment 4 hemagglutinin (HA) gene. complete cds,2024-01-01,USA,1737,0,2024.0
OP097452.1,Influenza A virus (A/Texas/12839/2022(H3N2)) segment 4 hemagglutinin (HA) gene. complete cds,2022-04-01,USA,1701,0,2022.0
OP086401.1,Influenza A virus (A/North Dakota/12599/2022(H3N2)) segment 4 hemagglutinin (HA) gene. complete cds,2022-01-31,USA,1701,0,2022.0
PP563311.1,Influenza A virus (A/Los Angeles County/LACPHL-INF00237/2022(H3N2)) segment 4 hemagglutinin (HA) gene. complete cds,2022-12-28,USA,1701,0,2022.0
OQ248716.1,Influenza A virus (A/Kentucky/USAFSAM-13601/2022(H3N2)) segment 4 hemagglutinin (HA) gene. complete cds,2022-11-02,USA,1701,0,2022.0
OP645060.1,Influenza A virus (A/Michigan/UOM10045542189/2022(H3N2)) segment 4 hemagglutinin (HA) gene. complete cds,2022-05-16,USA,1701,0,2022.0
MK744608.1,Influenza A virus (A/Utah/45/2018(H3N2)) segment 4 hemagglutinin (HA) gene. complete cds,2018-12-03,USA,1737,0,2018.0
MH701476.1,Influenza A virus (A/California/QV532/2018(H3N2)) segment 4 hemagglutinin (HA) gene. complete cds,2018-01-07,USA,1701,0,2018.0
MN570319.1,Influenza A virus (A/South Australia/1017/2018(H3N2)) segment 4 hemagglutinin (HA) gene. complete cds,2018-09-21,Australia,1737,0,2018.0
MH601089.1,Influenza A virus (A/Washington/93/2018(H3N2)) segment 4 hemagglutinin (HA) gene. complete cds,2018-04-23,USA,1737,0,2018.0
MH701284.1,Influenza A virus (A/California/FDX22064/2018(H3N2)) segment 4 hemagglutinin (HA) gene. complete cds,2018-02-05,USA,1701,0,2018.0
MN319158.1,Influenza A virus (A/Hawaii/43/2019(H3N2)) segment 4 hemagglutinin (HA) gene. complete cds,2019-05-28,USA,1737,0,2019.0
MN074738.1,Influenza A virus (A/North Carolina/9547/2019(H3N2)) segment 4 hemagglutinin (HA) gene. complete cds,2019-04-09,USA,1701,0,2019.0
MK927858.1,Influenza A virus (A/Maryland/8959/2019(H3N2)) segment 4 hemagglutinin (HA) gene. complete cds,2019-02-11,USA,1701,0,2019.0
MK743410.1,Influenza A virus (A/Hawaii/7994/2019(H3N2)) segment 4 hemagglutinin (HA) gene. complete cds,2019-01-02,USA,1701,0,2019.0
MN819850.1,Influenza A virus (A/Florida/114/2019(H3N2)) segment 4 hemagglutinin (HA) gene. complete cds,2019-10-15,USA,1737,0,2019.0
OR628052.1,Influenza A virus (A/Hawaii/27/2023(H3N2)) segment 4 hemagglutinin (HA) gene. complete cds,2023-06-21,USA,1737,0,2023.0
OR201838.1,Influenza A virus (A/Pennsylvania/26/2023(H3N2)) segment 4 hemagglutinin (HA) gene. complete cds,2023-02-06,USA,1737,0,2023.0
OR201263.1,Influenza A virus (A/Colorado/32/2023(H3N2)) segment 4 hemagglutinin (HA) gene. complete cds,2023-02-26,USA,1737,0,2023.0
PP303585.1,Influenza A virus (A/New Mexico/53/2023(H3N2)) segment 4 hemagglutinin (HA) gene. complete cds,2023-11-20,USA,1737,0,2023.0
PP188551.1,Influenza A virus (A/homosapiens/India/15/2023(H3N2)) segment 4 hemagglutinin (HA) gene. partial cds,2023-09-22,India,1330,0,2023.0
MF182499.1,Influenza A virus (A/Georgia/NHRC_68645/2017(H3N2)) segment 4 hemagglutinin (HA) gene. complete cds,2017-01-17,USA,1701,4,2017.0
CY233370.1,Influenza A virus (A/Michigan/42/2017(H3N2)) hemagglutinin (HA) gene. complete cds,2017-03-13,USA,1737,0,2017.0
CY244389.1,Influenza A virus (A/Georgia/6277/2017(H3N2)) hemagglutinin (HA) gene. complete cds,2017-03-22,USA,1701,0,2017.0
PP994459.1,Influenza A virus (A/Xiamen City/HA seq of A_Fujian_Tongan_11012_2017(H3N2)/2017(H3N2)) segment 4 hemagglutinin (HA) gene. complete cds,2017-12-18,China,1701,0,2017.0
MN568927.1,Influenza A virus (A/Brisbane/74/2017(H3N2)) segment 4 hemagglutinin (HA) gene. complete cds,2017-05-15,Australia,1737,0,2017.0
CY222677.1,Influenza A virus (A/West Virginia/15/2016(H3N2)) hemagglutinin (HA) gene. complete cds,2016-12-27,USA,1737,0,2016.0
CY208808.1,Influenza A virus (A/Nebraska/23/2016(H3N2)) hemagglutinin (HA) gene. complete cds,2016-09-06,USA,1737,0,2016.0
KY583582.1,Influenza A virus (A/Alberta/158/2016(H3N2)) segment 4 hemagglutinin (HA) gene. complete cds,2016-11-22,Canada,1701,0,2016.0
CY213218.1,Influenza A virus (A/Utah/52/2016(H3N2)) hemagglutinin (HA) gene. complete cds,2016-12-20,USA,1737,0,2016.0
KX414441.1,Influenza A virus (A/Florida/10/2016(H3N2)) segment 4 hemagglutinin (HA) gene. complete cds,2016-01-26,USA,1737,0,2016.0
CY193507.1,Influenza A virus (A/Florida/4254/2014(H3N2)) hemagglutinin (HA) gene. complete cds,2014-12-18,USA,1701,0,2014.0
KP067730.1,Influenza A virus (A/Para/130148-IEC/2014(H3N2)) segment 4 hemagglutinin (HA) gene. partial cds,2014-05-19,Brazil,548,0,2014.0
KT205946.1,Influenza A virus (A/Philippines/NHRC_PEL0260/2014(H3N2)) segment 4 hemagglutinin (HA) gene. partial cds,2014-10-18,Philippines,1698,0,2014.0
CY193392.1,Influenza A virus (A/Georgia/4139/2014(H3N2)) hemagglutinin (HA) gene. complete cds,2014-11-25,USA,1701,0,2014.0
CY193875.1,Influenza A virus (A/Florida/4622/2014(H3N2)) hemagglutinin (HA) gene. complete cds,2014-12-16,USA,1701,0,2014.0
KR611829.1,Influenza A virus (A/Rochester/0055/2012(H3N2)) segment 4 hemagglutinin (HA) gene. complete cds,2012-12-12,USA,1701,0,2012.0
KP335894.1,Influenza A virus (A/Thailand/CU-B6780/2012(H3N2)) segment 4 hemagglutinin (HA) gene. complete cds,2012-08-29,Thailand,1701,0,2012.0
JX262025.1,Influenza A virus (A/Pavia/24/2012(H3N2)) segment 4 hemagglutinin (HA) gene. partial cds,2012-01-23,Italy,1663,0,2012.0
MK730482.1,Influenza A virus (A/New York/WC-LVD-12-085/2012(H3N2)) segment 4 hemagglutinin (HA) gene. complete cds,2012-12-18,USA,1737,0,2012.0
KC892635.1,Influenza A virus (A/Nevada/09/2012(H3N2)) segment 4 hemagglutinin (HA) gene. complete cds,2012-03-01,USA,1701,0,2012.0
MT466987.1,Influenza A virus (A/Connecticut/16/2020(H3N2)) segment 4 hemagglutinin (HA) gene. complete cds,2020-03-01,USA,1737,0,2020.0
MT342613.1,Influenza A virus (A/Texas/32/2020(H3N2)) segment 4 hemagglutinin (HA) gene. complete cds,2020-02-04,USA,1737,0,2020.0
MW464937.1,Influenza A virus (A/California/55/2020(H3N2)) segment 4 hemagglutinin (HA) gene. complete cds,2020-10-12,USA,1737,0,2020.0
MT499766.1,Influenza A virus (A/Utah/17/2020(H3N2)) segment 4 hemagglutinin (HA) gene. complete cds,2020-03-07,USA,1737,0,2020.0
MT375656.1,Influenza A virus (A/Hawaii/19/2020(H3N2)) segment 4 hemagglutinin (HA) gene. complete cds,2020-02-23,USA,1737,0,2020.0
KC882698.1,Influenza A virus (A/Montana/04/2010(H3N2)) segment 4 hemagglutinin (HA) gene. complete cds,2010-10-24,USA,1701,0,2010.0
CY160281.1,Influenza A virus (A/Peru/PER261/2010(H3N2)) hemagglutinin (HA) gene. complete cds,2010-10-26,Peru,1731,0,2010.0
HQ229637.1,Influenza A virus (A/Kenya/021/2010(H3N2)) segment 4 hemagglutinin (HA) gene. partial cds,2010-06-03,Kenya,1200,0,2010.0
HQ185194.1,Influenza A virus (A/Kenya/012/2010(H3N2)) segment 4 hemagglutinin (HA) gene. partial cds,2010-05-21,Kenya,1200,0,2010.0
KM061027.1,Influenza A virus (A/Mumbai/5257/2010(H3N2)) segment 4 hemagglutinin (HA) gene. complete cds,2010-08-10,India,1733,0,2010.0
CY188401.1,Influenza A virus (A/Nicaragua/6854_05/2013(H3N2)) hemagglutinin (HA) gene. complete cds,2013-07-04,Nicaragua,1737,0,2013.0
MW789392.1,Influenza A virus (A/Maryland/153_7/2013(H3N2)) segment 4 hemagglutinin (HA) gene. complete cds,2013-02-06,USA,1762,0,2013.0
KM244540.1,Influenza A virus (A/Mississippi/27/2013(H3N2)) segment 4 hemagglutinin (HA) gene. complete cds,2013-01-14,USA,1749,0,2013.0
CY141211.1,Influenza A virus (A/Maryland/3196/2013(H3N2)) hemagglutinin (HA) gene. complete cds,2013-01-02,USA,1701,0,2013.0
MW790111.1,Influenza A virus (A/Maryland/277_1/2013(H3N2)) segment 4 hemagglutinin (HA) gene. complete cds,2013-02-15,USA,1762,0,2013.0
KY044222.1,Influenza A virus (A/Pennsylvania/46/2015(H3N2)) segment 4 hemagglutinin (HA) gene. complete cds,2015-11-18,USA,1737,0,2015.0
KX413633.1,Influenza A virus (A/California/117/2015(H3N2)) segment 4 hemagglutinin (HA) gene. complete cds,2015-12-05,USA,1737,0,2015.0
KY615189.1,Influenza A virus (A/Tours/125/2015(H3N2)) segment 4 hemagglutinin. HA1 region. (HA) gene. partial cds,2015-02-20,France,874,0,2015.0
KU729317.1,Influenza A virus (A/British Columbia/39/2015(H3N2)) segment 4 hemagglutinin (HA) gene. complete cds,2015-01-26,Canada,1701,0,2015.0
KX413641.1,Influenza A virus (A/California/118/2015(H3N2)) segment 4 hemagglutinin (HA) gene. complete cds,2015-12-15,USA,1737,0,2015.0
EU502025.1,Influenza A virus (A/Okinawa/18/2006(H3N2)) segment 4 hemagglutinin (HA) gene. partial cds,2006-02-10,Japan,987,0,2006.0
EU502016.1,Influenza A virus (A/NIIGATA/642/2006(H3N2)) segment 4 hemagglutinin (HA) gene. partial cds,2006-03-14,Japan,987,0,2006.0
CY090517.1,Influenza A virus (A/India/D0612425/2006(H3N2)) hemagglutinin (HA) gene. partial cds,2006-01-30,India,984,0,2006.0
KP456851.1,Influenza A virus (A/Delhi/0612424/2006(H3N2)) segment 4 hemagglutinin (HA) gene. partial cds,2006-01-30,India,984,0,2006.0
GU323728.1,Influenza A virus (A/Kolkata/220/2006(H3N2)) segment 4 hemagglutinin (HA) gene. partial cds,2006-06-01,India,962,0,2006.0
KC738786.1,Influenza A virus (A/Taiwan/57/2007(H3N2)) segment 4 hemagglutinin (HA) gene. partial cds,2007-02-05,Taiwan,972,0,2007.0
CY106432.1,Influenza A virus (A/Guangdong/SZ54/2007(H3N2)) hemagglutinin (HA) gene. partial cds,2007-01-01,China,877,0,2007.0
MF955380.1,Influenza A virus (A/Hong Kong/CUHK71333/2007(H3N2)) segment 4 hemagglutinin gene. partial cds,2007-07-01,Hong Kong,1689,0,2007.0
EU516077.1,Influenza A virus (A/Florida/07/2007(H3N2)) segment 4 hemagglutinin (HA) gene. complete cds,2007-11-07,USA,1701,2,2007.0
KC458069.1,Influenza A virus (A/Japan/112/2007(H3N2)) segment 4 hemagglutinin (HA) gene. partial cds,2007-11-16,Japan,1026,0,2007.0
CY117784.1,Influenza A virus (A/Malaysia/14712/1997(H3N2)) hemagglutinin (HA) gene. complete cds,1997-12-20,Malaysia,1732,1,1997.0
JF710754.1,Influenza A virus (A/Scotland/89/1997(H3N2)) segment 4 hemagglutinin (HA) gene. partial cds,1997-12-30,United Kingdom,987,0,1997.0
CY108360.1,Influenza A virus (A/Shenzhen/262/1997(H3N2)) hemagglutinin (HA) gene. partial cds,1997-01-01,China,960,0,1997.0
EU856921.1,Influenza A virus (A/Hong Kong/CUHK22048/1997(H3N2)) hemagglutinin (HA) gene. complete cds,1997-08-19,China,1701,0,1997.0
CY006523.1,Influenza A virus (A/New York/524/1997(H3N2)) segment 4. complete sequence,1997-12-31,USA,1721,0,1997.0
CY160728.1,Influenza A virus (A/Peru/PER056/2011(H3N2)) hemagglutinin (HA) gene. complete cds,2011-08-23,Peru,1731,0,2011.0
CY110995.1,Influenza A virus (A/Ontario/016/2011(H3N2)) hemagglutinin (HA) gene. complete cds,2011-01-20,Canada,1738,0,2011.0
CY124361.1,Influenza A virus (A/Singapore/KK491/2011(H3N2)) hemagglutinin (HA) gene. complete cds,2011-11-10,Singapore,1758,0,2011.0
KJ667978.1,Influenza A virus (A/India/LKO805/2011(H3N2)) segment 4 hemagglutinin (HA) gene. partial cds,2011-07-19,India,716,0,2011.0
KT888611.1,Influenza A virus (A/Bulacao/FLU_PHC_0275/2011(H3N2)) segment 4 hemagglutinin (HA) gene. complete cds,2011-11-15,Philippines,1701,0,2011.0
CY032993.1,Influenza A virus (A/Hong Kong/1-1-MA-20E/1968(H3N2)) segment 4. complete sequence,1968-01-01,Hong Kong,1716,0,1968.0
CY033505.1,Influenza A virus (A/Hong Kong/1-1-MA-12/1968(H3N2)) segment 4. complete sequence,1968-01-01,Hong Kong,1714,0,1968.0
CY033025.1,Influenza A virus (A/Hong Kong/1-5/1968(H3N2)) segment 4. complete sequence,1968-01-01,Hong Kong,1720,0,1968.0
KY321927.1,Influenza A virus (A/Hong Kong/01/1968(H3N2)) segment 4 hemagglutinin (HA) gene. complete cds,1968-01-01,China,1765,0,1968.0
CY033529.1,Influenza A virus (A/Hong Kong/1-9-MA21-3/1968(H3N2)) segment 4. complete sequence,1968-01-01,Hong Kong,1726,0,1968.0
CY090477.1,Influenza A virus (A/India/K089051/2008(H3N2)) hemagglutinin (HA) gene. partial cds,2008-06-11,India,984,0,2008.0
KP458739.1,Influenza A virus (A/Kolkutta/089059/2008(H3N2)) segment 4 hemagglutinin (HA) gene. partial cds,2008-06-23,India,1053,0,2008.0
FJ686925.1,Influenza A virus (A/Tennessee/04/2008(H3N2)) segment 4 hemagglutinin (HA) gene. complete cds,2008-03-21,USA,1701,0,2008.0
KP459186.1,Influenza A virus (A/Kolkutta/0810437/2008(H3N2)) segment 4 hemagglutinin (HA) gene. partial cds,2008-07-09,India,1053,0,2008.0
MF955353.1,Influenza A virus (A/Hong Kong/CUHK60906/2008(H3N2)) segment 4 hemagglutinin gene. partial cds,2008-01-01,Hong Kong,1689,0,2008.0
OP623135.1,Influenza A virus (A/Bangkok/FLU-PMKE0005/2009(H3N2)) segment 4 hemagglutinin (HA) gene. complete cds,2009-08-26,Thailand,1701,0,2009.0
CY067213.1,Influenza A virus (A/California/VRDL296/2009(H3N2)) hemagglutinin (HA) gene. complete cds,2009-04-30,USA,1731,0,2009.0
KC458130.1,Influenza A virus (A/Japan/849/2009(H3N2)) segment 4 hemagglutinin (HA) gene. partial cds,2009-11-19,Japan,1020,0,2009.0
GQ397760.1,Influenza A virus (A/Murcia/RR3559/2009(H3N2)) segment 4 hemagglutinin (HA) gene. partial cds,2009-03-02,Spain,807,0,2009.0
GQ895050.1,Influenza A virus (A/South Carolina/14/2009(H3N2)) segment 4 hemagglutinin (HA) gene. complete cds,2009-03-09,USA,1701,0,2009.0
MT742803.1,Influenza A virus (A/Cuba/1988-242/1988(H3N2)) segment 4 hemagglutinin. HA1 region. (HA) gene. partial cds,1988-02-12,Cuba,906,0,1988.0
CY003512.1,Influenza A virus (A/Hong Kong/2/1988(H3N2)) hemagglutinin (HA) gene. complete cds,1988-01-01,Hong Kong,1757,0,1988.0
CY114445.1,Influenza A virus (A/Victoria/1/1988(H3N2)) hemagglutinin (HA) gene. complete cds,1988-01-01,Australia,1727,0,1988.0
CY113389.1,Influenza A virus (A/Netherlands/450/1988(H3N2)) hemagglutinin (HA) gene. complete cds,1988-03-01,Netherlands,1731,0,1988.0
CY008724.1,Influenza A virus (A/Memphis/5/1988(H3N2)) hemagglutinin (HA) gene. complete cds,1988-01-01,USA,1721,0,1988.0
CY113797.1,Influenza A virus (A/Paris/407/1991(H3N2)) hemagglutinin (HA) gene. complete cds,1991-12-01,France,1732,0,1991.0
CY113829.1,Influenza A virus (A/Paris/467/1991(H3N2)) hemagglutinin (HA) gene. complete cds,1991-12-01,France,1732,0,1991.0
CY113821.1,Influenza A virus (A/Paris/457/1991(H3N2)) hemagglutinin (HA) gene. complete cds,1991-12-01,France,1731,0,1991.0
CY113837.2,Influenza A virus (A/Paris/512/1991(H3N2)) hemagglutinin (HA) gene. complete cds,1991-12-01,France,1731,0,1991.0
CY113773.1,Influenza A virus (A/Oviedo/31/1991(H3N2)) hemagglutinin (HA) gene. complete cds,1991-12-28,Spain,1735,0,1991.0
MT742809.1,Influenza A virus (A/Habana/1056/1992(H3N2)) segment 4 hemagglutinin (HA) gene. partial cds,1992-10-17,Cuba,1086,0,1992.0
CY113709.1,Influenza A virus (A/Houston/56941/1992(H3N2)) hemagglutinin (HA) gene. complete cds,1992-04-03,USA,1731,0,1992.0
CY108259.1,Influenza A virus (A/Harbin/1/1992(H3N2)) hemagglutinin (HA) gene. partial cds,1992-01-01,China,960,0,1992.0
KC738699.1,Influenza A virus (A/Taiwan1149/1992(H3N2)) segment 4 hemagglutinin (HA) gene. partial cds,1992-02-21,Taiwan,972,0,1992.0
CY003712.1,Influenza A virus (A/Hong Kong/14/1992(H3N2)) hemagglutinin (HA) gene. complete cds,1992-01-01,Hong Kong,1750,0,1992.0
CY112829.1,Influenza A virus (A/Singapore/1/1996(H3N2)) hemagglutinin (HA) gene. complete cds,1996-02-12,Singapore,1731,0,1996.0
CY118506.1,Influenza A virus (A/Malaysia/11473/1996(H3N2)) hemagglutinin (HA) gene. complete cds,1996-12-24,Malaysia,1735,0,1996.0
CY011136.1,Influenza A virus (A/New York/602/1996(H3N2)) segment 4. complete sequence,1996-12-23,USA,1722,0,1996.0
CY009716.1,Influenza A virus (A/New York/587/1996(H3N2)) segment 4. complete sequence,1996-11-18,USA,1721,0,1996.0
CY010596.1,Influenza A virus (A/New York/578/1996(H3N2)) segment 4. complete sequence,1996-12-27,USA,1722,0,1996.0
CY121309.1,Influenza A virus (A/Shanghai/11/1987(H3N2)) hemagglutinin (HA) gene. complete cds,1987-01-01,China,1727,0,1987.0
CY108183.1,Influenza A virus (A/Guangdong/9/1987(H3N2)) hemagglutinin (HA) gene. partial cds,1987-01-01,China,960,0,1987.0
MT671478.1,Influenza A virus (A/Cuba/1272/1987(H3N2)) segment 4 hemagglutinin. HA1 region. (HA) gene. partial cds,1987-06-05,Cuba,906,0,1987.0
CY108179.1,Influenza A virus (A/Beijing/7/1987(H3N2)) hemagglutinin (HA) gene. partial cds,1987-01-01,China,960,0,1987.0
MT671473.1,Influenza A virus (A/Cuba/90/1987(H3N2)) segment 4 hemagglutinin. HA1 region. (HA) gene. partial cds,1987-01-07,Cuba,902,0,1987.0
CY003536.1,Influenza A virus (A/Hong Kong/7/1985(H3N2)) hemagglutinin (HA) gene. complete cds,1985-01-01,Hong Kong,1762,0,1985.0
CY008708.1,Influenza A virus (A/Memphis/7/1985(H3N2)) hemagglutinin (HA) gene. complete cds,1985-01-01,USA,1721,0,1985.0
CY113325.1,Influenza A virus (A/Netherlands/330/1985(H3N2)) hemagglutinin (HA) gene. complete cds,1985-01-01,Netherlands,1731,0,1985.0
CY008668.1,Influenza A virus (A/Memphis/25/1985(H3N2)) hemagglutinin (HA) gene. complete cds,1985-01-01,USA,1721,0,1985.0
CY009068.1,Influenza A virus (A/Memphis/2/1985(H3N2)) hemagglutinin (HA) gene. complete cds,1985-01-01,USA,1721,0,1985.0
KC738667.1,Influenza A virus (A/Taiwan/1024/1983(H3N2)) segment 4 hemagglutinin (HA) gene. partial cds,1983-01-24,Taiwan,972,0,1983.0
CY108136.1,Influenza A virus (A/Cnic/5/1983(H3N2)) hemagglutinin (HA) gene. partial cds,1983-01-01,China,960,0,1983.0
CY003736.1,Influenza A virus (A/Hong Kong/5/1983(H3N2)) hemagglutinin (HA) gene. complete cds,1983-01-01,Hong Kong,1721,0,1983.0
CY108145.1,Influenza A virus (A/Shanxi/6/1983(H3N2)) hemagglutinin (HA) gene. partial cds,1983-01-01,China,960,0,1983.0
CY003720.1,Influenza A virus (A/Hong Kong/26/1983(H3N2)) hemagglutinin (HA) gene. complete cds,1983-01-01,Hong Kong,1720,0,1983.0
KP457669.1,Influenza A virus (A/Hong Kong/1269/2001(H3N2)) segment 4 hemagglutinin (HA) gene. partial cds,2001-08-29,Hong Kong,1122,0,2001.0
KP456510.1,Influenza A virus (A/Brazil/695/2001(H3N2)) segment 4 hemagglutinin (HA) gene. partial cds,2001-06-06,Brazil,1016,1,2001.0
KP458938.1,Influenza A virus (A/Argentina/25/2001(H3N2)) segment 4 hemagglutinin (HA) gene. partial cds,2001-06-29,Argentina,1050,0,2001.0
EU856865.1,Influenza A virus (A/Hong Kong/CUHK13658/2001(H3N2)) hemagglutinin (HA) gene. complete cds,2001-03-20,China,1701,0,2001.0
CY002816.1,Influenza A virus (A/New York/301/2001(H3N2)) segment 4. complete sequence,2001-01-21,USA,1760,0,2001.0
CY118706.1,Influenza A virus (A/Malaysia/26468/2003(H3N2)) hemagglutinin (HA) gene. complete cds,2003-12-11,Malaysia,1734,0,2003.0
CY104076.1,Influenza A virus (A/HaNoi/ARI189/2003(H3N2)) hemagglutinin (HA) gene. complete cds,2003-01-01,Viet Nam,1735,0,2003.0
CY091205.1,Influenza A virus (A/Australia/NHRC0010/2003(H3N2)) hemagglutinin (HA) gene. complete cds,2003-07-10,Australia,1731,0,2003.0
CY088443.1,Influenza A virus (A/England/369/2003(H3N2)) hemagglutinin (HA) gene. partial cds,2003-01-01,United Kingdom,986,0,2003.0
CY026135.1,Influenza A virus (A/Austria/82895/2003(H3N2)) segment 4 sequence,2003-03-19,Austria,987,0,2003.0
CY023082.1,Influenza A virus (A/Auckland/617/2005(H3N2)) segment 4. complete sequence,2005-09-28,New Zealand,1727,0,2005.0
EU501709.1,Influenza A virus (A/KYUNGNAM/170/2005(H3N2)) segment 4 hemagglutinin (HA) gene. partial cds,2005-01-26,South Korea,987,0,2005.0
CY019747.1,Influenza A virus (A/Queensland/60/2005(H3N2)) segment 4. complete sequence,2005-08-18,Australia,1716,0,2005.0
EU501627.1,Influenza A virus (A/CHIBA/32/2005(H3N2)) segment 4 hemagglutinin (HA) gene. partial cds,2005-02-22,Japan,987,0,2005.0
AB281247.1,Influenza A virus (A/Hanoi/TB285/2005(H3N2)) HA gene for hemagglutinin. partial cds,2005-05-18,Viet Nam,912,0,2005.0
KP458260.1,Influenza A virus (A/Guangzhou/438/2000(H3N2)) segment 4 hemagglutinin (HA) gene. partial cds,2000-05-16,China,987,0,2000.0
KP457200.1,Influenza A virus (A/Brazil/4b/2000(H3N2)) segment 4 hemagglutinin (HA) gene. partial cds,2000-07-06,Brazil,987,0,2000.0
EF462561.1,Influenza A virus (A/South Africa/57/2000(H3N2)) segment 4 hemagglutinin (HA) gene. partial cds,2000-06-22,South Africa,973,0,2000.0
CY011592.1,Influenza A virus (A/Waikato/1/2000(H3N2)) segment 4. complete sequence,2000-08-09,New Zealand,1721,0,2000.0
KP457483.1,Influenza A virus (A/Brazil/18a/2000(H3N2)) segment 4 hemagglutinin (HA) gene. partial cds,2000-07-14,Brazil,1027,0,2000.0
CY008700.1,Influenza A virus (A/Memphis/108/1976(H3N2)) hemagglutinin (HA) gene. complete cds,1976-01-01,USA,1724,0,1976.0
MK028559.1,Influenza A virus (A/Habana/104/1976(H3N2)) segment 4 hemagglutinin (HA) gene. partial cds,1976-03-24,Cuba,671,0,1976.0
CY113205.1,Influenza A virus (A/Bilthoven/5029/1976(H3N2)) hemagglutinin (HA) gene. complete cds,1976-01-01,Netherlands,1735,0,1976.0
CY009060.1,Influenza A virus (A/Memphis/105/1976(H3N2)) hemagglutinin (HA) gene. complete cds,1976-01-01,USA,1724,0,1976.0
CY022309.1,Influenza A virus (A/Memphis/104/1976(H3N2)) segment 4. complete sequence,1976-01-01,USA,1726,0,1976.0
CY112305.1,Influenza A virus (A/Bilthoven/21793/1972(H3N2)) hemagglutinin (HA) gene. complete cds,1972-01-01,Netherlands,1734,1,1972.0
CY113077.1,Influenza A virus (A/Bilthoven/23290/1972(H3N2)) hemagglutinin (HA) gene. complete cds,1972-01-01,Netherlands,1738,0,1972.0
CY113085.1,Influenza A virus (A/England/42/1972(H3N2)) hemagglutinin (HA) gene. complete cds,1972-01-01,United Kingdom,1734,0,1972.0
EF626613.1,Influenza A virus (A/England/42/1972(H3N2)) segment 4 hemagglutinin (HA) gene. partial cds,1972-01-01,United Kingdom,987,0,1972.0
CY009636.1,Influenza A virus (A/Udorn/72(H3N2)) segment 4. complete sequence,1972-01-01,Russia,1724,0,1972.0
CY108125.1,Influenza A virus (A/Hebei/6/1982(H3N2)) hemagglutinin (HA) gene. partial cds,1982-01-01,China,960,0,1982.0
KC738666.1,Influenza A virus (A/Taiwan/1021/1982(H3N2)) segment 4 hemagglutinin (HA) gene. partial cds,1982-12-25,Taiwan,972,0,1982.0
CY108135.1,Influenza A virus (A/Beijing/80-2/1982(H3N2)) hemagglutinin (HA) gene. partial cds,1982-01-01,China,960,0,1982.0
CY108126.1,Influenza A virus (A/Hebei/7/1982(H3N2)) hemagglutinin (HA) gene. partial cds,1982-01-01,China,960,0,1982.0
CY077834.1,Influenza A virus (A/Netherlands/233/1982(H3N2)) hemagglutinin (HA) gene. complete cds,1982-01-01,Netherlands,1755,0,1982.0
CY006203.1,Influenza A virus (A/Nanjing/13/1980(H3N2)) hemagglutinin (HA) gene. complete cds,1980-01-01,China,1721,0,1980.0
CY003488.1,Influenza A virus (A/Hong Kong/46/1980(H3N2)) hemagglutinin (HA) gene. complete cds,1980-01-01,Hong Kong,1737,0,1980.0
CY006043.1,Influenza A virus (A/Hong Kong/45/1980(H3N2)) hemagglutinin (HA) gene. complete cds,1980-01-01,Hong Kong,1749,1,1980.0
CY108114.1,Influenza A virus (A/Shanghai/81/1980(H3N2)) hemagglutinin (HA) gene. partial cds,1980-01-01,China,960,0,1980.0
CY108117.1,Influenza A virus (A/Guangdong/22/1980(H3N2)) hemagglutinin (HA) gene. partial cds,1980-01-01,China,960,0,1980.0
CY108154.1,Influenza A virus (A/Guangdong/4/1984(H3N2)) hemagglutinin (HA) gene. partial cds,1984-01-01,China,960,0,1984.0
CY108168.1,Influenza A virus (A/Shitie/2/1984(H3N2)) hemagglutinin (HA) gene. partial cds,1984-01-01,China,960,0,1984.0
FJ203727.1,Influenza A virus (A/Taiwan/VGHYM0109-12/1984(H3N2)) segment 4 hemagglutinin (HA) gene. partial cds,1984-01-01,Taiwan,535,0,1984.0
CY008172.1,Influenza A virus (A/Nanjing/28/1984(H3N2)) hemagglutinin (HA) gene. complete cds,1984-01-01,China,1722,1,1984.0
CY108174.1,Influenza A virus (A/Dandong/28-2/1984(H3N2)) hemagglutinin (HA) gene. partial cds,1984-01-01,China,960,0,1984.0
CY008260.1,Influenza A virus (A/Canterbury/06/2002(H3N2)) segment 4. complete sequence,2002-04-19,New Zealand,1714,0,2002.0
CY017925.1,Influenza A virus (A/Queensland/29/2002(H3N2)) segment 4. complete sequence,2002-08-17,Australia,1711,0,2002.0
CY013096.1,Influenza A virus (A/Waikato/36/2002(H3N2)) segment 4. complete sequence,2002-07-23,New Zealand,1717,0,2002.0
CY011632.1,Influenza A virus (A/Wellington/38/2002(H3N2)) segment 4. complete sequence,2002-06-17,New Zealand,1720,0,2002.0
CY000393.1,Influenza A virus (A/New York/87/2002(H3N2)) segment 4. complete sequence,2002-01-08,USA,1711,0,2002.0
EF670523.1,Influenza A virus (A/Oslo/800/1999(H3N2)) segment 4 hemagglutinin (HA) gene. partial cds,1999-02-18,Norway,551,0,1999.0
CY108436.1,Influenza A virus (A/Shenzhen/1090/1999(H3N2)) hemagglutinin (HA) gene. partial cds,1999-01-01,China,960,0,1999.0
CY121424.1,Influenza A virus (A/California/32/1999(H3N2)) hemagglutinin (HA) gene. complete cds,1999-01-01,USA,1723,0,1999.0
CY090893.1,Influenza A virus (A/Illinois/NHRC0001/1999(H3N2)) hemagglutinin (HA) gene. complete cds,1999-11-01,USA,1731,0,1999.0
EU856965.1,Influenza A virus (A/Hong Kong/CUHK30314/1999(H3N2)) hemagglutinin (HA) gene. complete cds,1999-07-03,China,1701,0,1999.0
CY012512.1,Influenza A virus (A/New York/691/1995(H3N2)) segment 4. complete sequence,1995-01-03,USA,1721,0,1995.0
CY114189.1,Influenza A virus (A/Geneva/A9509/1995(H3N2)) hemagglutinin (HA) gene. complete cds,1995-02-01,Switzerland,1731,0,1995.0
CY114165.1,Influenza A virus (A/Finland/338/1995(H3N2)) hemagglutinin (HA) gene. complete cds,1995-01-01,Finland,1732,0,1995.0
CY011808.1,Influenza A virus (A/New York/647/1995(H3N2)) segment 4. complete sequence,1995-12-27,USA,1721,0,1995.0
CY106210.1,Influenza A virus (A/Guangdong/SZ205/1995(H3N2)) hemagglutinin (HA) gene. partial cds,1995-01-01,China,870,0,1995.0
EF566085.1,Influenza A virus (A/Perth/24/98(H3N2)) segment 4 hemagglutinin (HA) gene. partial cds,1998-01-01,Australia,994,0,1998.0
CY003560.1,Influenza A virus (A/New York/448/1998(H3N2)) segment 4. complete sequence,1998-11-23,USA,1762,0,1998.0
EU856881.1,Influenza A virus (A/Hong Kong/CUHK18218/1998(H3N2)) hemagglutinin (HA) gene. partial cds,1998-09-05,China,1699,0,1998.0
CY114309.1,Influenza A virus (A/Netherlands/462/1998(H3N2)) hemagglutinin (HA) gene. complete cds,1998-12-16,Netherlands,1731,0,1998.0
CY006555.1,Influenza A virus (A/New York/532/1998(H3N2)) segment 4. complete sequence,1998-01-18,USA,1721,0,1998.0
CY108203.1,Influenza A virus (A/Qingdao/33/1989(H3N2)) hemagglutinin (HA) gene. partial cds,1989-01-01,China,960,0,1989.0
CY121024.1,Influenza A virus (A/Beijing/353/1989(H3N2)) hemagglutinin (HA) gene. complete cds,1989-01-01,China,1737,0,1989.0
CY108200.1,Influenza A virus (A/Guangdong/19/1989(H3N2)) hemagglutinin (HA) gene. partial cds,1989-01-01,China,960,0,1989.0
KM821283.1,Influenza A virus (A/Netherlands/620/1989(H3N2)) segment 4 hemagglutinin (HA) gene. complete cds,1989-01-01,Netherlands,1736,1,1989.0
CY108192.1,Influenza A virus (A/Beijing/148/1989(H3N2)) hemagglutinin (HA) gene. partial cds,1989-01-01,China,960,0,1989.0
CY013725.1,Influenza A virus (A/New York/792/1993(H3N2)) segment 4. complete sequence,1993-03-09,USA,1721,0,1993.0
CY012128.1,Influenza A virus (A/New York/758/1993(H3N2)) segment 4. complete sequence,1993-02-03,USA,1723,0,1993.0
CY012144.1,Influenza A virus (A/New York/760/1993(H3N2)) segment 4. complete sequence,1993-02-09,USA,1723,0,1993.0
CY013741.1,Influenza A virus (A/New York/795/1993(H3N2)) segment 4. complete sequence,1993-02-04,USA,1721,0,1993.0
CY077800.1,Influenza A virus (A/Netherlands/179/1993(H3N2)) segment 4 sequence,1993-01-01,Netherlands,1731,1,1993.0
CY012976.1,Influenza A virus (A/New York/736/1994(H3N2)) segment 4. complete sequence,1994-01-21,USA,1722,0,1994.0
CY108275.1,Influenza A virus (A/Beijing262/41/1994(H3N2)) hemagglutinin (HA) gene. partial cds,1994-01-01,China,960,0,1994.0
CY011936.1,Influenza A virus (A/New York/728/1994(H3N2)) segment 4. complete sequence,1994-02-01,USA,1721,0,1994.0
CY011336.1,Influenza A virus (A/New York/696/1994(H3N2)) segment 4. complete sequence,1994-12-30,USA,1721,0,1994.0
CY013024.1,Influenza A virus (A/New York/753/1994(H3N2)) segment 4. complete sequence,1994-02-15,USA,1720,0,1994.0
AY945264.1,Influenza A virus (A/Nepal/1648/2004(H3N2)) hemagglutinin gene. partial cds,,Nepal,1000,0,
CY121504.1,Influenza A virus (A/reassortant/NYMC X-207(Perth/10/2010 x Puerto Rico/8/1934)(H3N2)) hemagglutinin (HA) gene. complete cds,,,1732,0,
AB441899.1,Influenza A virus (A/Sendai-H/630/2006(H3N2)) HA gene for hemagglutinin. partial cds,,Japan,901,0,
DQ336007.1,Influenza A virus (A/Brazil/003/00(H3N2)) hemagglutinin (HA1) gene. partial cds,,Brazil,984,0,
CY121365.1,Influenza A virus (A/reassortant/X-129(South Africa/1147/1996 x Puerto Rico/8/1934)(H3N2)) hemagglutinin (HA) gene. complete cds,,,1737,0,
CY113093.1,Influenza A virus (A/Bilthoven/552/1973(H3N2)) hemagglutinin (HA) gene. complete cds,1973-01-01,Netherlands,1738,0,1973.0
CY113101.1,Influenza A virus (A/Bilthoven/3517/1973(H3N2)) hemagglutinin (HA) gene. complete cds,1973-01-01,Netherlands,1735,0,1973.0
CY003528.1,Influenza A virus (A/Hong Kong/11/1973(H3N2)) hemagglutinin (HA) gene. complete cds,1973-01-01,Hong Kong,1740,0,1973.0
CY147430.1,Influenza A virus (A/Port Chalmers/JY2/1973(H3N2)) hemagglutinin (HA) gene. complete cds,1973-01-01,New Zealand,1737,0,1973.0
EF626618.1,Influenza A virus (A/Port Chalmers/1/1973(H3N2)) segment 4 hemagglutinin (HA) gene. partial cds,1973-01-01,New Zealand,987,0,1973.0
CY121000.1,Influenza A virus (A/Bangkok/1/1979(H3N2)) hemagglutinin (HA) gene. complete cds,1979-01-01,Thailand,1737,0,1979.0
CY114429.1,Influenza A virus (A/Bangkok/1/1979(H3N2)) hemagglutinin (HA) gene. complete cds,1979-01-01,Thailand,1737,0,1979.0
CY108112.1,Influenza A virus (A/Kuntie/2/1979(H3N2)) hemagglutinin (HA) gene. partial cds,1979-01-01,China,960,0,1979.0
CY108110.1,Influenza A virus (A/Chaoyang/11/1979(H3N2)) hemagglutinin (HA) gene. partial cds,1979-01-01,China,960,0,1979.0
CY108111.1,Influenza A virus (A/Cnic/20/1979(H3N2)) hemagglutinin (HA) gene. partial cds,1979-01-01,China,960,0,1979.0
CY112361.1,Influenza A virus (A/Bilthoven/4791/1981(H3N2)) hemagglutinin (HA) gene. complete cds,1981-01-01,Netherlands,1732,0,1981.0
CY113277.1,Influenza A virus (A/Lyon/2380/1981(H3N2)) hemagglutinin (HA) gene. complete cds,1981-01-01,France,1735,0,1981.0
CY108119.1,Influenza A virus (A/Fujian/29/1981(H3N2)) hemagglutinin (HA) gene. partial cds,1981-01-01,China,960,0,1981.0
CY108118.1,Influenza A virus (A/Chongwen/2/1981(H3N2)) hemagglutinin (HA) gene. partial cds,1981-01-01,China,960,0,1981.0
FJ203728.1,Influenza A virus (A/Taiwan/VGHYM0707-02/1981(H3N2)) segment 4 hemagglutinin (HA) gene. partial cds,1981-07-01,Taiwan,535,0,1981.0
CY113501.1,Influenza A virus (A/Memphis/2/1990(H3N2)) hemagglutinin (HA) gene. complete cds,1990-01-01,USA,1734,0,1990.0
CY113509.1,Influenza A virus (A/Memphis/5/1990(H3N2)) hemagglutinin (HA) gene. complete cds,1990-01-01,USA,1731,0,1990.0
CY108224.1,Influenza A virus (A/Guangdong/38/1990(H3N2)) hemagglutinin (HA) gene. partial cds,1990-01-01,China,960,0,1990.0
CY108223.1,Influenza A virus (A/Guangdong/36/1990(H3N2)) hemagglutinin (HA) gene. partial cds,1990-01-01,China,960,0,1990.0
FJ203721.1,Influenza A virus (A/Taiwan/VGHYM1001-06/1990(H3N2)) segment 4 hemagglutinin (HA) gene. partial cds,1990-10-01,Taiwan,535,0,1990.0
CY113149.1,Influenza A virus (A/Bilthoven/334/1975(H3N2)) hemagglutinin (HA) gene. complete cds,1975-01-01,Netherlands,1736,0,1975.0
CY121197.1,Influenza A virus (A/Victoria/3/1975(H3N2)) hemagglutinin (HA) gene. complete cds,1975-01-01,Australia,1743,0,1975.0
CY021077.1,Influenza A virus (A/Albany/42/1975(H3N2)) segment 4. complete sequence,1975-01-01,USA,1720,0,1975.0
CY113181.1,Influenza A virus (A/Victoria/3/1975(H3N2)) hemagglutinin (HA) gene. complete cds,1975-01-01,Australia,1740,0,1975.0
CY113157.1,Influenza A virus (A/Bilthoven/1843/1975(H3N2)) hemagglutinin (HA) gene. complete cds,1975-01-01,Netherlands,1734,0,1975.0
CY006843.1,Influenza A virus (A/Memphis/5/1977(H3N2)) hemagglutinin (HA) gene. complete cds,1977-01-01,USA,1721,0,1977.0
CY008115.1,Influenza A virus (A/Memphis/2/1977(H3N2)) hemagglutinin (HA) gene. complete cds,1977-01-01,USA,1721,0,1977.0
CY111503.1,Influenza A virus (A/Bcm/3/1977(H3N2)) hemagglutinin (HA) gene. partial cds,1977-12-30,USA,954,0,1977.0
CY113261.1,Influenza A virus (A/Texas/1/1977(H3N2)) hemagglutinin (HA) gene. complete cds,1977-01-01,USA,1732,0,1977.0
CY113237.1,Influenza A virus (A/Bilthoven/3895/1977(H3N2)) hemagglutinin (HA) gene. complete cds,1977-01-01,Netherlands,1734,0,1977.0
CY020333.1,Influenza A virus (A/Memphis/3/1986(H3N2)) segment 4. complete sequence,1986-01-01,USA,1721,0,1986.0
CY108177.1,Influenza A virus (A/Chongwen/2/1986(H3N2)) hemagglutinin (HA) gene. partial cds,1986-01-01,China,960,0,1986.0
CY108178.1,Influenza A virus (A/Xuanwu/17/1986(H3N2)) hemagglutinin (HA) gene. partial cds,1986-01-01,China,960,0,1986.0
CY011288.1,Influenza A virus (A/Memphis/5/1986(H3N2)) segment 4. complete sequence,1986-01-01,USA,1721,0,1986.0
CY016060.1,Influenza A virus (A/Memphis/2/1986(H3N2)) segment 4. complete sequence,1986-01-01,USA,1721,0,1986.0
CY112257.1,Influenza A virus (A/Bilthoven/808/1969(H3N2)) hemagglutinin (HA) gene. complete cds,1969-01-01,Netherlands,1728,0,1969.0
CY113053.1,Influenza A virus (A/Bilthoven/17938/1969(H3N2)) hemagglutinin (HA) gene. complete cds,1969-01-01,Netherlands,1734,0,1969.0
CY111496.1,Influenza A virus (A/Bcm/2/1969(H3N2)) hemagglutinin (HA) gene. partial cds,1969-01-07,USA,936,0,1969.0
CY019899.1,Influenza A virus (A/Albany/1/1969(H3N2)) segment 4. complete sequence,1969-01-01,USA,1724,0,1969.0
CY021837.1,Influenza A virus (A/Albany/4/1969(H3N2)) segment 4. complete sequence,1969-01-01,USA,1743,0,1969.0
EF626615.1,Influenza A virus (A/Hong Kong/107/1971(H3N2)) segment 4 hemagglutinin (HA) gene. partial cds,1971-01-01,Hong Kong,987,0,1971.0
CY021597.1,Influenza A virus (A/Memphis/3/1971(H3N2)) segment 4. complete sequence,1971-01-01,USA,1724,0,1971.0
CY112289.1,Influenza A virus (A/Hong Kong/107/1971(H3N2)) hemagglutinin (HA) gene. complete cds,1971-01-01,Hong Kong,1734,0,1971.0
CY006683.1,Influenza A virus (A/Hong Kong/46/1971(H3N2)) hemagglutinin (HA) gene. complete cds,1971-01-01,Hong Kong,1727,0,1971.0
CY112281.1,Influenza A virus (A/Bilthoven/6449/1971(H3N2)) hemagglutinin (HA) gene. complete cds,1971-01-01,Netherlands,1734,0,1971.0
CY108105.1,Influenza A virus (A/Cnic/5/1974(H3N2)) hemagglutinin (HA) gene. partial cds,1974-01-01,China,960,0,1974.0
CY108106.1,Influenza A virus (A/Jilin/13/1974(H3N2)) hemagglutinin (HA) gene. partial cds,1974-01-01,China,960,0,1974.0
CY006819.1,Influenza A virus (A/Memphis/102/1974(H3N2)) hemagglutinin (HA) gene. complete cds,1974-01-01,USA,1724,0,1974.0
CY113117.1,Influenza A virus (A/Bilthoven/5930/1974(H3N2)) hemagglutinin (HA) gene. complete cds,1974-01-01,Netherlands,1734,0,1974.0
CY113141.1,Influenza A virus (A/Bilthoven/9459/1974(H3N2)) hemagglutinin (HA) gene. complete cds,1974-01-01,Netherlands,1738,0,1974.0
CY021117.1,Influenza A virus (A/Albany/6/1970(H3N2)) segment 4. complete sequence,1970-01-01,USA,1724,0,1970.0
CY021085.1,Influenza A virus (A/Albany/2/1970(H3N2)) segment 4. complete sequence,1970-01-01,USA,1730,0,1970.0
CY112265.1,Influenza A virus (A/Bilthoven/93/1970(H3N2)) hemagglutinin (HA) gene. complete cds,1970-01-01,Netherlands,1735,1,1970.0
CY022946.1,Influenza A virus (A/Albany/3/1970(H3N2)) segment 4. complete sequence,1970-01-01,USA,1722,0,1970.0
CY111497.1,Influenza A virus (A/Bcm/1/1970(H3N2)) hemagglutinin (HA) gene. partial cds,1970-06-14,USA,949,0,1970.0
CY006707.1,Influenza A virus (A/Memphis/18/1978(H3N2)) hemagglutinin (HA) gene. complete cds,1978-01-01,USA,1721,0,1978.0
CY111504.1,Influenza A virus (A/Bcm/1/1978(H3N2)) hemagglutinin (HA) gene. partial cds,1978-01-03,USA,970,0,1978.0
CY006691.1,Influenza A virus (A/Memphis/2/1978(H3N2)) hemagglutinin (HA) gene. complete cds,1978-01-01,USA,1721,0,1978.0
CY006699.1,Influenza A virus (A/Memphis/12/1978(H3N2)) hemagglutinin (HA) gene. complete cds,1978-01-01,USA,1721,0,1978.0
CY020221.1,Influenza A virus (A/Albany/14/1978(H3N2)) segment 4. complete sequence,1978-01-01,USA,1722,0,1978.0
